{"H": [[0, [9.53024933, 1.0]], [0, [1.91745062, 1.0]], [0, [0.68424049, 1.0]], [0, [0.28413256, 1.0]]], "C": [[0, [1113.9867719, 1.0]], [0, [369.1623418, 1.0]], [0, [121.79275232, 1.0]], [0, [48.12711454, 1.0]], [0, [20.365074, 1.0]], [0, [8.08835969, 1.0]], [0, [2.50686566, 1.0]], [0, [1.24385374, 1.0]], [0, [0.484499, 1.0]], [0, [0.1918516, 1.0]]], "N": [[0, [1102.8622453, 1.0]], [0, [370.98041153, 1.0]], [0, [136.73555938, 1.0]], [0, [50.75587192, 1.0]], [0, [20.5356561, 1.0]], [0, [7.83187372, 1.0]], [0, [3.47840639, 1.0]], [0, [1.45528566, 1.0]], [0, [0.63068989, 1.0]], [0, [0.27276596, 1.0]]], "O": [[0, [1517.8667506, 1.0]], [0, [489.67952008, 1.0]], [0, [176.72118665, 1.0]], [0, [63.79223314, 1.0]], [0, [25.36649913, 1.0]], [0, [9.91354912, 1.0]], [0, [4.46453066, 1.0]], [0, [1.80177437, 1.0]], [0, [0.80789711, 1.0]], [0, [0.33864327, 1.0]]], "S": [[0, [6402.4580816, 1.0]], [0, [1704.9249408, 1.0]], [0, [598.09038904, 1.0]], [0, [225.90920364, 1.0]], [0, [94.42626191, 1.0]], [0, [37.22242084, 1.0]], [0, [18.25910653, 1.0]], [0, [8.79378573, 1.0]], [0, [4.46194247, 1.0]], [0, [2.27359877, 1.0]], [0, [0.78075395, 1.0]], [0, [0.48191154, 1.0]], [0, [0.21573555, 1.0]]]}