{"H": [[0, [22.068343, 0.053033986], [4.3905712, 0.3946522022], [1.0540787, 0.9172987712]], [0, [0.2717874, 1.0]]], "C": [[0, [384.4438241, 0.1825786758], [167.5626631, 0.1197043365], [76.6196203, 0.5161737679], [36.6795293, 0.5356156514], [18.3380917, 0.6018997457]], [0, [9.5470634, 0.1916588384]], [0, [5.1584143, 1.0]], [0, [2.8816701, 1.0]], [0, [1.6573522, 1.0]], [0, [0.9768102, 1.0]], [0, [0.58702, 1.0]], [0, [0.3577927, 1.0]], [0, [0.219955, 1.0]], [0, [0.1356077, 1.0]]], "N": [[0, [502.8608492, 0.1794866211], [209.9650046, 0.1639491498], [92.4340089, 0.552979718], [42.8175835, 0.5858210398], [20.8176154, 0.5319262446]], [0, [10.5912894, 0.0947989464]], [0, [5.6186543, 1.0]], [0, [3.0952689, 1.0]], [0, [1.7624885, 1.0]], [0, [1.0319737, 1.0]], [0, [0.6178352, 1.0]], [0, [0.3759343, 1.0]], [0, [0.2310083, 1.0]], [0, [0.1424224, 1.0]]], "O": [[0, [625.2829811, 0.1847924989], [253.9327418, 0.1922460578], [109.0492955, 0.59372043], [49.4230056, 0.6059346397], [23.5805211, 0.457419336]], [0, [11.8077591, 1.0]], [0, [6.1827814, 1.0]], [0, [3.3709061, 1.0]], [0, [1.9042805, 1.0]], [0, [1.1085447, 1.0]], [0, [0.6609886, 1.0]], [0, [0.4010814, 1.0]], [0, [0.2459769, 1.0]], [0, [0.1513939, 1.0]]], "S": [[0, [3681.2546546, 0.1234173651], [1517.4576115, 0.132231655], [655.4777757, 0.4418160622], [296.279921, 0.6300022808]], [0, [139.8936849, 0.6125182746]], [0, [68.8574614, 1.0]], [0, [35.2463716, 1.0]], [0, [18.7104368, 1.0]], [0, [10.2682007, 1.0]], [0, [5.8052483, 1.0]], [0, [3.3680961, 1.0]], [0, [1.9969333, 1.0]], [0, [1.2045075, 1.0]], [0, [0.7356456, 1.0]], [0, [0.4526978, 1.0]], [0, [0.2792847, 1.0]]]}